"Position","Name","Salary","GameInfo","AvgPointsPerGame","teamAbbrev"
"SF/PF","Giannis Antetokounmpo",11600,"SAC@MIL 12/02/2017 08:30PM ET",55,"MIL"
"SF/PF","LeBron James",11400,"MEM@CLE 12/02/2017 07:30PM ET",56.295,"CLE"
"PF/C","DeMarcus Cousins",10400,"NO@POR 12/02/2017 10:00PM ET",55.048,"NO"
"PF/C","Anthony Davis",9900,"NO@POR 12/02/2017 10:00PM ET",49.475,"NO"
"C","Joel Embiid",9700,"DET@PHI 12/02/2017 07:30PM ET",46.278,"PHI"
"PG/SF","Ben Simmons",9600,"DET@PHI 12/02/2017 07:30PM ET",46.488,"PHI"
"PG","Damian Lillard",8900,"NO@POR 12/02/2017 10:00PM ET",43.989,"POR"
"C","Andre Drummond",8600,"DET@PHI 12/02/2017 07:30PM ET",43.5,"DET"
"C","Nikola Jokic",8600,"LAL@DEN 12/02/2017 09:00PM ET",39.881,"DEN"
"C","Marc Gasol",7900,"MEM@CLE 12/02/2017 07:30PM ET",40.225,"MEM"
"PF/C","Kevin Love",7700,"MEM@CLE 12/02/2017 07:30PM ET",37.818,"CLE"
"PG/SG","Eric Bledsoe",7100,"SAC@MIL 12/02/2017 08:30PM ET",32.327,"MIL"
"C","Jusuf Nurkic",7000,"NO@POR 12/02/2017 10:00PM ET",31.33,"POR"
"SG/SF","Tyreke Evans",6900,"MEM@CLE 12/02/2017 07:30PM ET",32.1,"MEM"
"SG/SF","Khris Middleton",6900,"SAC@MIL 12/02/2017 08:30PM ET",35.338,"MIL"
"SG/SF","Will Barton",6800,"LAL@DEN 12/02/2017 09:00PM ET",28.964,"DEN"
"PG/SG","C.J. McCollum",6700,"NO@POR 12/02/2017 10:00PM ET",33.798,"POR"
"PG","Lonzo Ball",6600,"LAL@DEN 12/02/2017 09:00PM ET",33.024,"LAL"
"PG","Isaiah Thomas",6500,"MEM@CLE 12/02/2017 07:30PM ET",0,"CLE"
"PG","Mike Conley",6400,"MEM@CLE 12/02/2017 07:30PM ET",28.771,"MEM"
"SF/PF","Tobias Harris",6400,"DET@PHI 12/02/2017 07:30PM ET",31.113,"DET"
"PF/C","Paul Millsap",6400,"LAL@DEN 12/02/2017 09:00PM ET",31.828,"DEN"
"SG/SF","Brandon Ingram",6300,"LAL@DEN 12/02/2017 09:00PM ET",29.536,"LAL"
"PG","Reggie Jackson",6100,"DET@PHI 12/02/2017 07:30PM ET",29.513,"DET"
"PG/SG","Jrue Holiday",6000,"NO@POR 12/02/2017 10:00PM ET",32.095,"NO"
"SF/PF","Robert Covington",5900,"DET@PHI 12/02/2017 07:30PM ET",30.036,"PHI"
"SG","Kentavious Caldwell-Pope",5900,"LAL@DEN 12/02/2017 09:00PM ET",28.618,"LAL"
"SG","Gary Harris",5800,"LAL@DEN 12/02/2017 09:00PM ET",26.842,"DEN"
"PG/SG","Dwyane Wade",5600,"MEM@CLE 12/02/2017 07:30PM ET",24.869,"CLE"
"PG","Mario Chalmers",5600,"MEM@CLE 12/02/2017 07:30PM ET",20.829,"MEM"
"PG/SG","Avery Bradley",5600,"DET@PHI 12/02/2017 07:30PM ET",26.2,"DET"
"SF/PF","Kyle Kuzma",5600,"LAL@DEN 12/02/2017 09:00PM ET",27.95,"LAL"
"SF/PF","Larry Nance Jr.",5500,"LAL@DEN 12/02/2017 09:00PM ET",25.35,"LAL"
"PF/C","Dario Saric",5400,"DET@PHI 12/02/2017 07:30PM ET",23.964,"PHI"
"SG/SF","J.J. Redick",5300,"DET@PHI 12/02/2017 07:30PM ET",26.553,"PHI"
"PF/C","Willie Cauley-Stein",5200,"SAC@MIL 12/02/2017 08:30PM ET",24.619,"SAC"
"PF/C","Julius Randle",5100,"LAL@DEN 12/02/2017 09:00PM ET",24.988,"LAL"
"SF/PF","Jabari Parker",5100,"SAC@MIL 12/02/2017 08:30PM ET",0,"MIL"
"C","Brook Lopez",5000,"LAL@DEN 12/02/2017 09:00PM ET",25.929,"LAL"
"PF/C","Zach Randolph",5000,"SAC@MIL 12/02/2017 08:30PM ET",24.803,"SAC"
"PG/SG","Jamal Murray",4900,"LAL@DEN 12/02/2017 09:00PM ET",21.929,"DEN"
"PG/SG","Jordan Clarkson",4900,"LAL@DEN 12/02/2017 09:00PM ET",24.679,"LAL"
"PG/SG","Malcolm Brogdon",4900,"SAC@MIL 12/02/2017 08:30PM ET",24.566,"MIL"
"PF/C","Kenneth Faried",4800,"LAL@DEN 12/02/2017 09:00PM ET",12.444,"DEN"
"SF/PF","Wilson Chandler",4800,"LAL@DEN 12/02/2017 09:00PM ET",19.792,"DEN"
"C","John Henson",4800,"SAC@MIL 12/02/2017 08:30PM ET",21.434,"MIL"
"SF/PF","JaMychal Green",4700,"MEM@CLE 12/02/2017 07:30PM ET",19.875,"MEM"
"PG","Rajon Rondo",4600,"NO@POR 12/02/2017 10:00PM ET",17.875,"NO"
"PG","T.J. McConnell",4600,"DET@PHI 12/02/2017 07:30PM ET",21.588,"PHI"
"PG","De'Aaron Fox",4500,"SAC@MIL 12/02/2017 08:30PM ET",21.571,"SAC"
"SG/SF","Buddy Hield",4400,"SAC@MIL 12/02/2017 08:30PM ET",21.842,"SAC"
"SF/PF","Al-Farouq Aminu",4300,"NO@POR 12/02/2017 10:00PM ET",22.8,"POR"
"SG/SF","J.R. Smith",4100,"MEM@CLE 12/02/2017 07:30PM ET",17.205,"CLE"
"PF/C","Noah Vonleh",4100,"NO@POR 12/02/2017 10:00PM ET",17.55,"POR"
"PG","Ish Smith",4000,"DET@PHI 12/02/2017 07:30PM ET",19.363,"DET"
"PG/SG","George Hill",4000,"SAC@MIL 12/02/2017 08:30PM ET",18.368,"SAC"
"SG/SF","Evan Turner",3900,"NO@POR 12/02/2017 10:00PM ET",18.284,"POR"
"PG","Emmanuel Mudiay",3900,"LAL@DEN 12/02/2017 09:00PM ET",19.607,"DEN"
"PG/SG","Garrett Temple",3900,"SAC@MIL 12/02/2017 08:30PM ET",16.613,"SAC"
"SF/PF","Jeff Green",3800,"MEM@CLE 12/02/2017 07:30PM ET",18.159,"CLE"
"SF/PF","Jae Crowder",3800,"MEM@CLE 12/02/2017 07:30PM ET",15.92,"CLE"
"SG/SF","Dillon Brooks",3800,"MEM@CLE 12/02/2017 07:30PM ET",17.888,"MEM"
"SG/SF","James Ennis III",3800,"MEM@CLE 12/02/2017 07:30PM ET",15.526,"MEM"
"SF/PF","Chandler Parsons",3800,"MEM@CLE 12/02/2017 07:30PM ET",16.882,"MEM"
"PF/C","Tristan Thompson",3800,"MEM@CLE 12/02/2017 07:30PM ET",13.781,"CLE"
"PG","Derrick Rose",3800,"MEM@CLE 12/02/2017 07:30PM ET",19.786,"CLE"
"PG/SG","Markelle Fultz",3800,"DET@PHI 12/02/2017 07:30PM ET",12.438,"PHI"
"PF/C","Mason Plumlee",3800,"LAL@DEN 12/02/2017 09:00PM ET",16.179,"DEN"
"SG/SF","Tony Snell",3800,"SAC@MIL 12/02/2017 08:30PM ET",17.163,"MIL"
"PF/C","Thon Maker",3800,"SAC@MIL 12/02/2017 08:30PM ET",12.9,"MIL"
"PF/C","Amir Johnson",3700,"DET@PHI 12/02/2017 07:30PM ET",15.921,"PHI"
"PF/C","Richaun Holmes",3700,"DET@PHI 12/02/2017 07:30PM ET",11.056,"PHI"
"SG/SF","Stanley Johnson",3700,"DET@PHI 12/02/2017 07:30PM ET",16.941,"DET"
"SF/PF","Juancho Hernangomez",3700,"LAL@DEN 12/02/2017 09:00PM ET",9.325,"DEN"
"SF/PF","Trey Lyles",3700,"LAL@DEN 12/02/2017 09:00PM ET",9.375,"DEN"
"PG/SG","Frank Mason III",3700,"SAC@MIL 12/02/2017 08:30PM ET",14.661,"SAC"
"SG/SF","Kyle Korver",3600,"MEM@CLE 12/02/2017 07:30PM ET",17.011,"CLE"
"SG/SF","Bogdan Bogdanovic",3600,"SAC@MIL 12/02/2017 08:30PM ET",17.264,"SAC"
"SG/SF","Ben McLemore",3500,"MEM@CLE 12/02/2017 07:30PM ET",11.889,"MEM"
"PG/SG","Iman Shumpert",3500,"MEM@CLE 12/02/2017 07:30PM ET",12.192,"CLE"
"SG/SF","E'Twaun Moore",3500,"NO@POR 12/02/2017 10:00PM ET",19.952,"NO"
"PG/SG","Jameer Nelson",3500,"NO@POR 12/02/2017 10:00PM ET",18.105,"NO"
"PG/SG","Shabazz Napier",3500,"NO@POR 12/02/2017 10:00PM ET",13.694,"POR"
"PF","Caleb Swanigan",3500,"NO@POR 12/02/2017 10:00PM ET",8.038,"POR"
"PG/SF","DeAndre Liggins",3500,"SAC@MIL 12/02/2017 08:30PM ET",7.794,"MIL"
"PF/C","Channing Frye",3400,"MEM@CLE 12/02/2017 07:30PM ET",9.888,"CLE"
"PG/SG","Andrew Harrison",3400,"MEM@CLE 12/02/2017 07:30PM ET",9.893,"MEM"
"PF/C","Jarell Martin",3400,"MEM@CLE 12/02/2017 07:30PM ET",12.132,"MEM"
"SG/SF","Pat Connaughton",3400,"NO@POR 12/02/2017 10:00PM ET",11.875,"POR"
"SF","Darius Miller",3400,"NO@POR 12/02/2017 10:00PM ET",11.952,"NO"
"SF/PF","Maurice Harkless",3400,"NO@POR 12/02/2017 10:00PM ET",13.932,"POR"
"PG/SG","Jerryd Bayless",3400,"DET@PHI 12/02/2017 07:30PM ET",17.417,"PHI"
"SG","Luke Kennard",3400,"DET@PHI 12/02/2017 07:30PM ET",11.817,"DET"
"SF/PF","Anthony Tolliver",3400,"DET@PHI 12/02/2017 07:30PM ET",14.191,"DET"
"C","Ivica Zubac",3400,"LAL@DEN 12/02/2017 09:00PM ET",1.6,"LAL"
"PF/C","Skal Labissiere",3400,"SAC@MIL 12/02/2017 08:30PM ET",16.095,"SAC"
"C","Kosta Koufos",3400,"SAC@MIL 12/02/2017 08:30PM ET",16.262,"SAC"
"PF/C","Brandan Wright",3300,"MEM@CLE 12/02/2017 07:30PM ET",13.983,"MEM"
"PF/C","Ed Davis",3300,"NO@POR 12/02/2017 10:00PM ET",16.773,"POR"
"SF/PF","Dante Cunningham",3300,"NO@POR 12/02/2017 10:00PM ET",12.333,"NO"
"SG/SF","Justin Jackson",3300,"SAC@MIL 12/02/2017 08:30PM ET",9.618,"SAC"
"PF/C","Deyonta Davis",3200,"MEM@CLE 12/02/2017 07:30PM ET",9.781,"MEM"
"PF/C","Ante Zizic",3200,"MEM@CLE 12/02/2017 07:30PM ET",3.536,"CLE"
"PF/C","Meyers Leonard",3200,"NO@POR 12/02/2017 10:00PM ET",8.964,"POR"
"PG/SG","Ian Clark",3200,"NO@POR 12/02/2017 10:00PM ET",9.944,"NO"
"SG/SF","Timothe Luwawu-Cabarrot",3200,"DET@PHI 12/02/2017 07:30PM ET",11.7,"PHI"
"PG/SG","Matthew Dellavedova",3200,"SAC@MIL 12/02/2017 08:30PM ET",12.962,"MIL"
"SF/PF","Mirza Teletovic",3200,"SAC@MIL 12/02/2017 08:30PM ET",13.175,"MIL"
"SG/SF","Tony Allen",3100,"NO@POR 12/02/2017 10:00PM ET",10,"NO"
"PF","Cheick Diallo",3100,"NO@POR 12/02/2017 10:00PM ET",5.55,"NO"
"PG/SG","Langston Galloway",3100,"DET@PHI 12/02/2017 07:30PM ET",11.395,"DET"
"PG","Jose Calderon",3000,"MEM@CLE 12/02/2017 07:30PM ET",6.923,"CLE"
"PF/C","Ivan Rabb",3000,"MEM@CLE 12/02/2017 07:30PM ET",0,"MEM"
"PF","Vince Hunter",3000,"MEM@CLE 12/02/2017 07:30PM ET",0,"MEM"
"PG/SG","Wayne Selden Jr.",3000,"MEM@CLE 12/02/2017 07:30PM ET",8.25,"MEM"
"SG/SF","Cedi Osman",3000,"MEM@CLE 12/02/2017 07:30PM ET",4.771,"CLE"
"SG/SF","John Holland",3000,"MEM@CLE 12/02/2017 07:30PM ET",1.833,"CLE"
"SG","Kobi Simmons",3000,"MEM@CLE 12/02/2017 07:30PM ET",2,"MEM"
"PG","London Perrantes",3000,"MEM@CLE 12/02/2017 07:30PM ET",0,"CLE"
"SF/PF","Solomon Hill",3000,"NO@POR 12/02/2017 10:00PM ET",0,"NO"
"SF","Jalen Jones",3000,"NO@POR 12/02/2017 10:00PM ET",2.667,"NO"
"C","Omer Asik",3000,"NO@POR 12/02/2017 10:00PM ET",7.25,"NO"
"SG","Charles Cooke",3000,"NO@POR 12/02/2017 10:00PM ET",2.75,"NO"
"C","Alexis Ajinca",3000,"NO@POR 12/02/2017 10:00PM ET",0,"NO"
"PG","Frank Jackson",3000,"NO@POR 12/02/2017 10:00PM ET",0,"NO"
"PF/C","Zach Collins",3000,"NO@POR 12/02/2017 10:00PM ET",1.571,"POR"
"SG/SF","C.J. Wilcox",3000,"NO@POR 12/02/2017 10:00PM ET",0,"POR"
"SF/PF","Jake Layman",3000,"NO@POR 12/02/2017 10:00PM ET",3.425,"POR"
"PG/SG","Wade Baldwin IV",3000,"NO@POR 12/02/2017 10:00PM ET",0,"POR"
"C","Jahlil Okafor",3000,"DET@PHI 12/02/2017 07:30PM ET",12.625,"PHI"
"C","Boban Marjanovic",3000,"DET@PHI 12/02/2017 07:30PM ET",8.417,"DET"
"SF","Luis Montero",3000,"DET@PHI 12/02/2017 07:30PM ET",0,"DET"
"PG/SF","Nik Stauskas",3000,"DET@PHI 12/02/2017 07:30PM ET",2.563,"PHI"
"PF/C","Jon Leuer",3000,"DET@PHI 12/02/2017 07:30PM ET",11.813,"DET"
"PF/C","Henry Ellenson",3000,"DET@PHI 12/02/2017 07:30PM ET",11.179,"DET"
"PF","James Michael McAdoo",3000,"DET@PHI 12/02/2017 07:30PM ET",5,"PHI"
"SG/SF","Reggie Bullock",3000,"DET@PHI 12/02/2017 07:30PM ET",7.091,"DET"
"PF/C","Eric Moreland",3000,"DET@PHI 12/02/2017 07:30PM ET",8.279,"DET"
"SF/PF","Justin Anderson",3000,"DET@PHI 12/02/2017 07:30PM ET",9.875,"PHI"
"SG/SF","Furkan Korkmaz",3000,"DET@PHI 12/02/2017 07:30PM ET",2.25,"PHI"
"PG","Jacob Pullen",3000,"DET@PHI 12/02/2017 07:30PM ET",0,"PHI"
"PG","Dwight Buycks",3000,"DET@PHI 12/02/2017 07:30PM ET",0,"DET"
"SG/SF","Corey Brewer",3000,"LAL@DEN 12/02/2017 09:00PM ET",7.881,"LAL"
"SG","Malik Beasley",3000,"LAL@DEN 12/02/2017 09:00PM ET",6.139,"DEN"
"PG/SG","Josh Hart",3000,"LAL@DEN 12/02/2017 09:00PM ET",7.891,"LAL"
"SF/PF","Richard Jefferson",3000,"LAL@DEN 12/02/2017 09:00PM ET",3,"DEN"
"C","Andrew Bogut",3000,"LAL@DEN 12/02/2017 09:00PM ET",7.304,"LAL"
"PG","Monte Morris",3000,"LAL@DEN 12/02/2017 09:00PM ET",0,"DEN"
"SF/PF","Luol Deng",3000,"LAL@DEN 12/02/2017 09:00PM ET",5,"LAL"
"SG/SF","Torrey Craig",3000,"LAL@DEN 12/02/2017 09:00PM ET",1.25,"DEN"
"PF","Darrell Arthur",3000,"LAL@DEN 12/02/2017 09:00PM ET",4.375,"DEN"
"PF/C","Thomas Bryant",3000,"LAL@DEN 12/02/2017 09:00PM ET",0,"LAL"
"PG/SG","Tyler Ennis",3000,"LAL@DEN 12/02/2017 09:00PM ET",4.725,"LAL"
"PG/SG","Alex Caruso",3000,"LAL@DEN 12/02/2017 09:00PM ET",4.75,"LAL"
"PG/SG","Vander Blue",3000,"LAL@DEN 12/02/2017 09:00PM ET",0.938,"LAL"
"PF","Tyler Lydon",3000,"LAL@DEN 12/02/2017 09:00PM ET",0,"DEN"
"SG/SF","Vince Carter",3000,"SAC@MIL 12/02/2017 08:30PM ET",6.875,"SAC"
"PF/C","Harry Giles",3000,"SAC@MIL 12/02/2017 08:30PM ET",0,"SAC"
"SF/PF","Jakarr Sampson",3000,"SAC@MIL 12/02/2017 08:30PM ET",6.875,"SAC"
"PF","Jack Cooley",3000,"SAC@MIL 12/02/2017 08:30PM ET",4.75,"SAC"
"C","Georgios Papagiannis",3000,"SAC@MIL 12/02/2017 08:30PM ET",5.313,"SAC"
"SG/SF","Malachi Richardson",3000,"SAC@MIL 12/02/2017 08:30PM ET",6.979,"SAC"
"PG/SG","Jason Terry",3000,"SAC@MIL 12/02/2017 08:30PM ET",5.107,"MIL"
"PG/SF","Rashad Vaughn",3000,"SAC@MIL 12/02/2017 08:30PM ET",4.75,"MIL"
"PF/C","D.J. Wilson",3000,"SAC@MIL 12/02/2017 08:30PM ET",1.906,"MIL"
"SG","Gary Payton II",3000,"SAC@MIL 12/02/2017 08:30PM ET",4,"MIL"
"PF","Joel Bolomboy",3000,"SAC@MIL 12/02/2017 08:30PM ET",3,"MIL"
"SG","Sterling Brown",3000,"SAC@MIL 12/02/2017 08:30PM ET",4.45,"MIL"
